Threshold,Accuracy
0.0001,0.9390000104904175
0.001,0.8659999966621399
0.01,0.10300000011920929
0.1,0.10300000011920929
