Threshold,Accuracy
0.0001,0.925000011920929
0.001,0.925000011920929
0.01,0.10300000011920929
0.1,0.10300000011920929
