Threshold,Accuracy
0.0001,0.9390000104904175
0.001,0.9399999976158142
0.01,0.10199999809265137
0.1,0.10300000011920929
